{"cameraMode":{"drawMode":0,"name":"Shaded","section":"Shading Mode"},"sceneLighting":true,"audioPlay":false,"sceneViewState":{"showFog":true,"showMaterialUpdate":false,"showSkybox":true,"showFlares":true,"showImageEffects":true,"showParticleSystems":true},"in2DMode":false,"pivot":{"x":-1.9632734060287476,"y":3.1282002925872804,"z":0.6409032344818115},"rotation":{"x":-0.07367002964019776,"y":0.23614376783370973,"z":-0.017956972122192384,"w":-0.9687692523002625},"size":11.26433277130127,"orthographic":true}